id,screenName,tags,friends
1969527638,LlngoMakeEmCum_,['#nationaldogday'],"['1969535827', '1969887518', '1969517215', '1969776001', '1969942094', '1969712882']"
51878493,_notmichelle,['#nationaldogday'],"['2420931980', '1345516880', '266336410', '170762012', '180463340', '159121042', '11348282', '45266183']"
1393409100,jesseayye,['#narcos'],"['434545375', '26257166', '890891', '43403778', '415859364', '352145373', '19426551', '23561980', '20346956', '1059194370', '25521487']"
232891415,MrBrianLloyd,['#gloryoutnow'],"['4870453512', '74580436', '1339835893', '2916305152', '813286', '1536791610', '145499533', '70740986', '82455213', '349300271', '457554412', '160941691', '2282671736', '15846407', '1924364738', '268414482', '21447363', '21362105', '512700138', '544517731', '79293791', '45266183', '15313351', '20565284', '16409683', '195827821', '26090319', '19877186', '8936082', '28706024', '21959255', '169686021']"
710130422907207680,sarahdorat_16,['#nationaldogday'],"['1061281784', '132774626', '1925157330', '4222679953', '1187647735', '26257166', '372891057', '173677727', '745695548246720513', '719308390405578752', '39689218', '19882775', '23375688', '2200652118', '2678072634', '2893511188', '91408245', '266336410', '1345393938', '70722719', '56783491', '2743113943', '310687757', '6427882', '1209309782', '131948686', '1110475561', '1290082680', '430744802', '189283341', '264498030', '58233603', '492399548', '252709160', '169740780', '281766200', '27260086']"
3649469655,wanderIustregui,['#veranomtv2016'],"['3221758014', '4754523444', '2717254872', '35031708', '894552380', '305694283', '321970500', '3278809183', '24859104', '548765353', '63822383', '344779704', '124949619', '372123733', '3230317663', '1611635503', '2566083968', '46116615', '27711339', '955721514', '26090319', '176566242', '35985504', '2295511306', '16712746', '221412285', '45709328', '34507480', '233183631', '30495613', '20355988', '3053338062', '27776098', '209003577', '739784130', '363972381', '872374136', '114354410', '159225370', '255388236']"
413415713,Jas_Thxku,['#narcos'],"['131102007', '158487331', '834316544', '713993413', '265902729', '95023423', '343627165', '471287735', '108568373', '22910295', '155659213']"
518053777,KLitzau,['#nationaldogday'],"['2432417994', '30602016', '22940219', '1520006918']"
3167964531,ThePettyHomo,['#nationaldogday'],"['39364684', '708657533', '489315957', '3040916878', '1187647735']"
634516322,darkgreyxv,['#getwellsoonjackson'],['573299587']
3157134163,michellemichmic,['#justinssextapeleakedparty'],"['2847258711', '1659312505', '59325073', '257639463', '291547392', '3399224657', '221412285', '25460615', '405728790', '2295511306', '321970500', '216430965', '37972440', '2354128850', '379408088', '954427716', '39538010', '332788870', '84279963', '66339576', '407261533', '321445166', '139399835', '416983726', '158314798', '105119490', '181561712']"
1852404296,FreeFX2,['galaxy note 7'],"['1652541', '5988062', '807095', '4898091', '16421962']"
320733081,RichLantos,['#nationaldogday'],"['1536791610', '362986008']"
611525786,lonesomestereo,['#backtohogwarts'],"['36746176', '27090142', '59325073', '1380665401', '611959284', '14599470', '10228272', '18863815', '24668720', '58545637', '18055737', '16712746', '221412285', '46475424', '29330577', '198830228', '23464695', '166739404', '612662672', '22548403', '62513246', '25396156', '321970500', '2686254859', '66339576', '18734884', '18378446', '122482029', '176566242', '158314798', '105119490', '15898172', '264107729', '493249666', '495074577', '126370504', '618336955', '194209267', '439125710', '403255314', '403246803', '403245020', '312230865', '180505807', '236738600', '828742454', '798234950', '219807531']"
451819350,topnotchcvlt,['#backtohogwarts'],"['700838827603181568', '159225370', '1658544842', '14230524', '3094484804', '2974974455', '124949619', '3400900126', '2498291236', '59325073', '45709328', '3053338062', '499113885', '483695616', '2327359038', '448476934', '3303293865', '3089941363', '1043410754', '91400830', '1659312505', '40981798', '43003845', '20611853', '25460615', '2535331199', '145291640', '67995848', '45400037', '16212952', '221412285', '40915216', '16712746', '61592079', '18055737', '17503591', '132533271', '22548403', '62513246', '16213013', '66618379', '2306902656', '27970832', '1316271104', '355307031', '44312605', '22596730', '29300489', '21526685', '21295636', '122482029', '18734884', '158314798', '1380665401', '110365072', '28706024', '166739404', '40059553', '14631115', '18863815', '209003577', '739784130', '27776098', '363972381', '872374136', '372891057', '112289040', '397906046', '53732896', '221799766', '23578046', '85452649', '112457675', '167714664', '174416608', '464139666', '272561314', '15846407', '281679534', '46576295', '176566242', '181561712', '84279963', '413487212', '22940219', '209708391', '105119490']"
465857810,m_e_lees,['#backtohogwarts'],"['23375688', '114354410', '3161564275', '3146413624', '296623811', '2327359038', '409055353', '3905669058', '312230865', '349300271', '2312095812', '2748001296', '305275926', '59949396', '18055737', '2306902656', '105715305', '14222536', '198830228', '85452649', '407261533', '166739404', '1468330632', '386244525', '22548403', '487843424', '49110693', '304185486', '66699013', '130991061', '58545637', '227390518', '62513246', '15846407', '29756339', '21219827', '109303622', '17919972']"
1969604874,reml_conway,['#backtohogwarts'],"['1969331228', '1969535827', '1969411104', '1969734540', '1969776001', '1970271061', '1969598989', '1969484636', '1969712882']"
1238939516,HobiHobiHaz,['#getwellsoonjackson'],"['3030158859', '570842497', '3314485566', '432587869', '956888370', '759355429830987777', '3259084305', '2776433144', '957027824', '1402988305', '476675010', '1429480158', '2391232105', '573299587', '3012340369', '174266952', '637313893', '3479742436', '3301023077', '3308576432', '907121269', '3064724045', '2224068433', '3065834673', '3049546716', '3253227482', '2562464496', '3285252362', '3238343850', '2706312788', '3335607784', '3045124204', '1409798257', '1173787748', '335141638', '15166316', '705215780', '17937213', '77596200', '517077573', '345522684', '45709328', '46764346', '105296447', '3357946695', '612750924', '210238655', '28838048', '122482029', '1559306388', '174416608', '167714664', '85452649', '112457675', '257639463', '180949358', '53338746', '20127529', '198270108', '23465218', '37972440', '16794568', '24939978', '27466653', '181561712', '84279963', '105119490', '158314798', '176566242', '153098292', '112289040', '114026804', '40059553', '14631115', '72064417']"
177694573,BeyonceStanBish,['britney'],"['131948686', '4870453512', '32309773', '31239408']"
4781323279,mrtzchris09,['#narcos'],"['166747718', '25365536', '169686021', '2312095812']"
299828914,ramzax10,['#backtohogwarts'],"['105297123', '1652541', '140070953', '627673190', '18091004', '5402612']"
2728660403,a_sewart,['#nationaldogday'],"['213478296', '719308390405578752', '240990050', '4196983835', '7831092', '17475575', '15383636', '40059553', '19661294', '132774626', '241382835', '1582341876', '602993818', '386189099', '555548903', '3038295012', '46957344', '66618379', '266336410', '350512140', '91408245']"
353480695,ambreezye,['#prettylittleliars'],"['130991061', '33597201', '21219827', '105715305', '1345393938', '101798589', '558810910', '184910040', '14724725', '2295511306', '10671602', '1372975219', '860237030', '218167872', '65184105', '428333', '15846407']"
1687385503,trisetella,['#nationaldogday'],"['2963753967', '2723713757', '75641903', '21526685', '1043410754', '18393773', '81285400', '2575131108', '1273559780', '159121042', '28023330', '16409285', '3026603044', '3038295012', '44381332', '81480697', '25460615', '2557037323', '602993818', '19725644', '262794965', '32309773', '16298441', '243442402']"
2422549237,aguilarmigs,['cape canaveral'],"['816653', '14130366', '50393960', '44196397', '13298072', '19802879', '11348282', '34743251', '26257166']"
69611563,ViktorSeriogin,['#narcos'],"['4754523444', '3066551830', '436292177', '329746058', '67377408', '36969785', '2984674484', '18927441', '15234657', '2432739211', '19413393', '1345702333', '14922225', '1499636930', '87403396', '2818322000', '2893511188', '25073877', '18667907', '21206424', '133093395', '3278809183', '386244525', '20793816', '1367531', '1023096199', '87318558', '124335068', '36947388', '583288452', '16421962', '305694283', '180463340', '11018442', '17610785', '47786101', '80096621', '200163448', '347877311', '759251', '15485441', '20106852', '239760107', '205437050', '290097288', '20581597', '34356968', '14840869', '48410093', '16573941', '65184105', '19777398', '104182691', '7563792', '627673190', '140070953', '15723732', '428333', '22650211', '18018384', '18139619', '2557521', '26257166', '19426551', '15290441', '34442404', '297169759', '393852070', '15687962', '10671602', '29758446', '7517222', '250831586', '10228272', '14497313', '783214', '26787673', '21904217']"
4890830966,oliviaaajames,['#nationaldogday'],"['4196983835', '189283341']"
3336015731,ghoulslayers,['#youtubeisoverparty'],"['365445243', '350512140', '6761682', '90021519', '17919972', '18228898', '418362046', '58309829', '266336410', '91408245', '62513246', '17174309', '1886891911', '48294321', '95465386', '3905669058', '67995848', '16212952', '27970832', '29514951', '40818894', '61592079', '36746176', '22838300', '328049243', '25460615', '298320111', '15880163', '11928542', '7565302', '121258930', '38232487', '96879107', '593755029', '25521487', '204089551', '40981798', '148850220', '15234657', '18988524', '19413393', '326359913', '1008151898', '227390518', '1582341876', '15313351', '28208983', '9695312', '153918448', '19088665', '185756522', '28384755', '18776017', '63586621', '23497233', '355307031', '21133007', '24886570', '28023330', '26090319', '250831586', '454237315', '398323499', '366606110', '5695632', '67418441', '18091904', '18863815', '28706024', '564412232', '154280902', '128479879', '46452468', '31927467', '828742454', '2830720945', '408177579', '174266952', '957027824', '637313893', '169927844', '1610204803', '152902472', '131264923', '391115625', '632110916', '884378714', '21295636', '22596730', '29300489', '18378446', '122482029', '36803580', '18927441', '15222083', '532406707', '347877311', '290097288', '17475575', '196142659', '17092592', '16542877', '132533271', '27476141', '23976386', '21174888', '24693705', '45777849', '73365668', '37741293', '79650494', '46279037', '28076276', '18159470', '35727881', '18750157', '1344951', '15846407', '759251', '17696167', '30973', '783214', '27260086', '6017542', '116362700', '813286', '16213013', '23151437', '35094637', '27195114', '85603854', '428333', '16712746', '59325073', '23741531', '239760107', '66699013', '45266183', '85452649', '11018442', '22412376', '17503591', '18625669', '75916180', '18825961', '155705264', '7831092', '130151627', '10228272', '153694176', '16573941', '20793816', '26787673', '18139619', '18055737', '2432417994', '1244421032', '65184105', '166747718', '14423603', '492399548', '74580436', '860237030', '612750924', '228184292', '23504870', '14724725', '593370001', '16409285', '147558951', '2231422037', '474919140', '266687361', '569858355', '764547038', '567167802', '296124687', '399909209', '579671435', '311775629', '380020286', '3004231', '82030021', '3300594994', '25388164', '72064417', '53338746', '574372838', '39742346', '269046025', '40059553', '77596200', '14631115', '517077573', '14222536', '716901834', '19748674', '20188930', '19604744', '954427716', '10671602', '14230524', '44409004', '29758446', '14922225', '184910040', '24742040', '79293791', '243381107', '309366491', '5162861', '26565946', '100220864', '373471064', '7157132']"
3355871489,UrosRancic,['#youtubeisoverparty'],"['2196922086', '95438524', '504020426', '64929124', '2818322000', '2420931980', '3278809183', '121258930', '410186746', '21904217', '18018384', '14497313', '14840869', '104182691', '34914032', '59399268', '18645813', '297169759', '34356968', '23482357', '204089551', '29873662', '239672340', '15290441', '7517222', '250831586', '43815496', '532406707', '18776017', '59804598', '24742040', '147558951', '1499636930', '36969785', '347877311', '20581597', '196142659', '593755029', '134234000', '155705264', '29514951', '205437050', '5162861', '290097288', '93711247', '15222083', '7565302', '7157132', '17092592', '18988524', '19413393', '18927441', '948444535', '26280712', '3300594994', '239760107', '309366491', '20106852', '872476255', '14222536', '517077573', '77596200', '61312712', '415859364', '266135518', '207773069', '24727891', '16425197', '23504870', '15880163', '627673190', '140070953', '96951800', '158487331', '14749606', '2142731', '31311757', '20536157', '243381107', '382267114', '15670515', '74286565', '34442404', '36803580', '105297123', '17610785', '38232487', '10671602', '14922225', '15234657', '10228272', '311775629', '380020286', '29758446', '19748674', '20188930', '954427716', '19604744', '259925559', '783214', '373471064']"
1001608224,zunurain214,['galaxy note 7'],"['2239230618', '110365072', '34743251', '44196397', '36803580', '14130366', '239672340', '1344951', '40981798', '20571756', '95438524', '2196922086', '504020426', '243381107', '788287705', '180505807', '15670515', '20536157', '207773069', '382267114', '275686563', '29873662', '16548023', '15818391']"
2283712435,Meagan_Grieger,['#backtohogwarts'],"['5695632', '22256645', '759251', '19923144', '2557521', '26257166', '807095', '1440641']"
2966611953,WWMobileNews,['galaxy note 7'],"['362986008', '297169759']"
65282450,MCsnipes,['#narcos'],"['19230601', '265902729', '713993413', '343627165', '216299334', '558797310', '18091004', '155659213', '116362700', '27195114', '14123683', '35094637', '813286', '169686021', '3004231', '17696167', '138600717', '119509520']"
708420695508783104,Naktadogg,['#isac2016'],"['757221319020654592', '3236265374', '3030158859', '632110916', '956888370', '168683422', '4643606383', '3259084305', '3981942198', '2261722358', '3254751519', '476675010', '1429480158', '2391232105', '717273589251067904', '2472738966', '1591131403', '2706312788', '3253227482', '3285252362', '3335607784', '3045124204', '2304478616', '2224068433', '2562464496', '3049546716', '3065834673', '3238343850', '3064724045', '1173787748', '1409798257', '3314485566', '573299587', '4520784555', '1878450026', '335141638', '1917002587']"
4312278809,taeftjimin,['#getwellsoonjackson'],"['3941580014', '4212669193', '4554391946', '432587869', '1917002587', '2472738966', '3236265374', '4000964114', '1878450026', '3267131857', '907121269', '1429480158', '1402988305', '3981942198', '2391232105', '3012340369', '573299587', '3030158859', '3071817356', '3301023077', '2731019059', '335141638', '2304478616', '3064724045', '1591131403', '1409798257']"
736866783794221057,BIEBERnRIRI,['#journalsstansparty'],"['29375776', '64090343', '2566083968', '2155631643', '955721514', '27260086']"
4520523681,fiona_langdon,['felipe massa'],"['27260086', '19426551', '813286', '17057271', '26565946', '27195114', '250884927', '23083404', '972651', '428333', '26257166', '66379182', '16145875', '25365536', '21447363', '25521487', '2557521', '23151437', '15723732', '20962674', '8936082', '17919972', '15485441', '15846407']"
1697751456,EmmanCabs,['#backtohogwarts'],"['30973', '44196397', '349300271', '2557037323', '16213013', '27970832', '15945351', '342328462', '343694145', '191717056', '100322679', '178812809', '160941691', '101798589', '2811559122', '783214', '220145170', '281766200', '710117845', '21133007', '15846407', '3154252605', '3063032281', '2715115656', '241382835', '47786101', '580097412', '583288452', '2818322000', '2893511188', '176566242', '1337785291', '259925559', '593370001', '504020426', '4777152150', '133880286', '14230524', '3038295012', '62513246', '51241574', '5402612', '2354128850', '131264923', '457554412', '14724725', '239672340', '2916305152', '501583715', '377443782', '3066551830', '763440894', '148850220', '15485441', '166739404', '85452649', '180505807', '63701775', '98310564', '29873662', '16548023', '275686563', '1536791610', '500704345', '75916180', '24886570', '15473958', '184910040', '19725644', '19802879', '176774540', '100220864', '93711247', '243381107', '382267114', '13334762', '50393960', '74286565', '180463340', '813286', '25460615', '14216203', '204832963', '11348282']"
543355544,hannahturner19x,['#youtubeisoverparty'],"['17881816', '2709527586', '67377408', '87403396', '96879107', '21211181', '612662672', '29330577', '24668720', '22548403', '853324519', '1629171145', '3579012568', '343694145', '257639463', '3038295012', '355795737', '705215780', '15166316', '58834557', '58233603', '73443014', '264498030', '204137620', '274119641', '183133891', '159311024', '342328462', '160941691', '1244325504', '349300271', '2282671736', '133880286', '65184105', '228184292', '14724725', '25460615', '218167872', '16409285', '298320111', '783214', '210238655', '383044849', '265554862', '172055186', '471553751', '3306915443', '266135518', '15687962', '701615052', '391037985', '2715115656', '393852070', '47285504', '3063032281', '580097412', '493249666', '32959253', '157140968', '23617610', '236699098', '25365536', '3299358052', '2156299840', '2156278138', '27260086', '76970421', '18261095', '153098292', '199999865', '56773228', '126370504', '439125710', '264020691', '125806240', '81285400', '39689218', '1564177926', '21219827', '2981518888', '310687757', '2743113943', '612750924', '105119490', '29756339', '130991061', '105715305', '33597201', '158515843', '492399548', '1960608584', '15945351', '2367911', '262794965', '75916180', '21133007', '372123733', '379408088', '114035804', '200913899', '2280905126', '96448406', '27678749', '169740780', '109303622', '269046025', '252709160', '347493157', '268414482', '43003845', '73992972', '380399508', '1297913125', '494266498', '129400817', '237047303', '77645932', '149590738', '344779704', '289869074', '305275926', '461521888', '287858728', '121341102', '371582146', '62513246', '281766200', '66618379', '43289545', '70722719', '58309829', '67418441', '101798589', '2629502950', '241382835', '112964469', '59949396', '50037051', '24444579', '46233559', '39133880', '163730859', '278328390', '197034645', '72644483', '32981735', '23737582', '127431090', '69491538', '75206471', '50515656', '30104231', '2647904004', '32985158', '48672487', '56481539', '91408245', '266336410', '40818894', '166739404', '47786101', '104288093', '772662181', '114026804', '24939978', '28838048', '272131714', '736417956', '45494617', '308759071', '308297673', '87318558', '10228272', '265826890', '14888578', '44312605', '403255314', '403246803', '403245020', '264107729', '618336955', '495074577', '405728790', '19882775', '23375688', '46957344', '82030021', '154591004', '716901834', '19604744', '35985504', '954427716', '330705266', '310072711', '139539038', '20127529', '77596200', '53338746', '72064417', '19088665', '23465218', '198270108', '216430965', '16794568', '14222536', '81825702', '73171449', '180949358', '27466653', '18588279', '39742346', '574372838', '25388164', '37972440', '20188930', '39538010', '19748674', '40059553', '14631115', '154590712', '15820664', '154280902', '79650494', '56783491', '34507480', '158314798', '84279963', '181561712', '209708391', '95465386', '18091904', '21111883', '16409683', '17919972', '14230524', '79293791', '21447363', '85452649']"
202889423,KARMAWOWZA,['#backtohogwarts'],"['145291640', '27466653', '3161564275', '45709328', '2906071884', '16712746', '221412285', '59325073', '17919972', '44381332', '112481670', '81480697', '14599470', '58545637', '198830228', '62513246', '299112358', '14888578']"
2949013004,lilacjaime,['#respecttylerjoseph'],"['3221758014', '14222536', '2974974455', '45400037', '18588279', '1658544842', '700838827603181568', '3097636965', '3400900126', '20611853', '27970832', '16213013', '2155631643', '2498291236', '14631115', '40059553', '403246803', '403255314', '403245020', '439125710', '264107729', '3094484804', '1659312505', '16712746', '221412285', '59325073', '9695312', '2709527586', '2367911', '227324947', '210238655', '545443555', '701607056', '2981518888', '163730859', '278328390', '2629502950', '45709328']"
1571949344,queermerlxn,"['#justinssextapeleakedparty', 'bieber']","['2723713757', '173677727', '3040916878', '305694283', '132774626', '198830228', '448476934', '717273589251067904', '580097412', '220721264', '2893511188', '75641903', '16298441', '154590712', '154591004', '110365072', '18261095', '264020691', '17937213', '85452649', '23464695', '18393773', '158515843', '47786101', '3161564275', '15898172', '240990050', '409055353', '2956662972', '50393960', '813286', '159121042', '18055737', '61592079', '194209267', '3053338062', '1536791610', '1316271104', '281766200', '46475424', '304185486', '612662672', '29330577', '24668720', '91408245', '266336410', '264498030', '1582341876', '166739404', '22548403', '262794965', '11348282', '3063032281', '15846407', '58233603', '265554862', '18470958', '347493157', '2557037323', '29873662', '43815496', '180949358', '872476255', '391037985', '2391232105', '637313893']"
1210896074,KellerDwight,['galaxy note 7'],"['17881816', '3318791612', '220721264', '63701775', '500704345', '588730194', '2900426395', '958156806', '476234589', '2830720945', '17174309', '1429480158', '22178780', '586671909', '153694176', '587750405', '1396161031', '56783491', '305915010', '1606280521', '88287364', '139399835', '9695312', '1588486417', '18159470', '428333', '53732896', '501583715', '512700138', '1263292416', '98310564', '34356968', '376072494', '16409285', '39453212', '46452468', '199274986', '31927467', '710117845', '270176702', '86422542', '21959255', '170424259', '22256645', '15846407']"
26033888,emailthebert,['verstappen'],"['59804598', '24742040', '471287735', '19230601', '355741893', '166767883']"
409072888,eebeniro,['galaxy note 7'],"['22910295', '24291371', '14629315', '95023423', '27195114', '169686021', '23561980', '338084918', '91551958', '627673190', '96951800', '140070953', '190481460', '2949267191', '3108351', '326359913', '50393960', '39275966', '20536157', '1703499732', '15818391', '586671909', '1344951', '2735591', '29930178', '180505807', '5988062', '1195042550', '19154824', '587750405', '125346858', '66857043', '216299334', '53817066', '1440641', '25073877', '4898091', '153474021']"
236494285,KiusRaie,['#justinssextapeleakedparty'],"['403869889', '1409798257', '90021519', '2845524491', '4160752755', '2900426395', '34507480', '166739404', '834316544', '476675010', '2391232105', '588730194', '1703499732', '593370001', '573299587', '335141638', '828742454', '632110916', '501583715', '21366823']"
738833141905903616,mjsty_,['#larryisoverparty'],"['1582341876', '1345516880', '170762012', '15820664', '210238655', '27849166', '19397785', '15846407', '983330558', '2845524491', '23497233', '291547392', '53338746', '132774626', '34507480', '5695632', '4160752755', '343547084', '2956662972', '2354128850', '701607056', '227324947', '545443555']"
2964865655,Teri0328,['#britneytoday'],"['74580436', '16145875', '25073877', '10228272', '50374439', '133880286', '250884927', '39275966', '1367531', '57097104', '133093395', '47786101', '180505807', '348379865']"
859915406,princesssam93,['#prettylittleliars'],"['25396156', '33597201', '416983726', '255388236', '53297035', '719308390405578752', '35031708', '2678072634', '391037985', '2893511188', '105715305', '36072985', '171682730', '42562446', '90021519', '2900426395', '89503894', '45609049', '18667907', '200163448', '205302299', '552011578', '1463880866', '343547084', '588730194', '18055737', '131102007', '27711339', '476234589', '19538986', '58466292', '236738600', '332788870', '130991061', '21219827', '109303622', '142157505', '52551600', '166739404', '251496825', '348379865', '153474021', '149590738', '326359913', '91390383', '25365536', '6427882', '157140968', '124335068', '58528137', '40076725', '127245578', '27195114', '132774626', '321445166', '28638191', '29756339', '16312576', '285282053', '807095', '21447363', '184910040', '180505807', '79293791', '23375688', '14872237', '155659213', '46452468', '44409004', '759251', '783214', '15846407', '85603854', '19397785', '17919972', '2367911']"
1061707502,emmkov,['#respecttylerjoseph'],"['32981735', '3230317663', '3097636965', '454237315', '45668062', '2200652118', '45400037', '2255463110', '27849166', '416983726', '91400830', '166747718', '499113885', '3089941363', '2974974455', '25073877', '17936793', '169686021', '6761682', '58528137', '24886570', '3094484804', '221412285', '16712746', '85452649', '114035804', '1056492074', '623584562', '59325073', '3038295012', '39538010']"
1012180309,celtic_stephen,['#backtohogwarts'],"['296623811', '365445243', '1520006918', '635053388', '131102007', '2751434132', '31311757', '176774540', '195827821', '204832963', '19394186', '166767883']"
1970021983,xJanosklansx_UK,['#backtohogwarts'],"['1969517215', '1970271061', '1969942094', '1969887518', '1969484636', '1969331228', '1969734540', '1969411104', '1969598989']"
623034920,iam_ybnl,['cape canaveral'],"['2949267191', '103550181', '25073877', '24291371', '125346858', '382267114', '297169759', '96951800', '22910295', '14872237', '239672340', '190481460', '180505807', '343627165', '1195042550', '29930178', '50393960', '66857043', '91551958', '53817066', '14123683']"
2582126342,be975n_,['#getwellsoonjackson'],"['3981942198', '3107097792', '2749673582', '476675010', '2391232105', '212266188', '573299587', '1429480158']"
2629780522,mattate9,['#nationaldogday'],"['15687962', '96879107', '719308390405578752', '701615052', '1396161031', '434545375', '1107613844', '3134219981', '635053388', '15485441', '154048214']"
114026048,buff_n3rd,['#nationaldogday'],"['103550181', '50323173', '120943272', '1536791610', '51241574', '813286', '110365072', '19923144']"
47816500,RiotSquirrrl,['#nationaldogday'],"['754930749720055808', '2963753967', '2575131108', '1273559780', '2751434132', '17057271', '66379182']"
1038752040,JVP_28,['#nationaldogday'],"['3231956258', '135249573', '3399224657', '19426551', '3134219981', '2180163722', '3026603044', '14629315', '2870078111', '2255463110', '1008151898', '803874290', '26257166', '1244421032', '299800115', '166747718', '14423603', '1289658361', '612009655', '926114798', '22940219', '709969940']"
2351267085,NyahNyahc,['#nationaldogday'],"['44312605', '1056492074', '119509520', '79293791']"
1004262000,stocksytim,['bournemouth'],"['25073877', '471287735', '166767883', '948444535', '26280712', '36969785', '19394186']"
1452928032,djinnfrared,['halsey'],['16298441']
124968472,vigneshponnuvel,['galaxy note 7'],"['788287705', '50393960', '2765974980', '20571756', '16425197', '275686563', '24727891', '19895282', '135421739']"
327848576,Louis_Aquino,['#whatsapp'],"['14810162', '1056492074']"
3656950514,SgimMigs,['harry potter'],"['2811559122', '3318791612', '1606280521', '783214', '4777152150', '39453212', '23482357', '500704345', '377443782', '270176702', '1263292416', '199274986', '63701775', '98310564']"
398585891,jayji_,['#getwellsoonjackson'],"['2749673582', '3107097792', '476675010', '1429480158', '2391232105']"
2573758772,_Flower_Crown,['#happybirthdaydylanobrien'],"['63822383', '25365536', '32959253', '54665669', '1611635503', '132774626', '2466044939', '2354128850', '240990050', '3146413624', '281766200', '157140968', '236699098', '176566242', '209867913', '34507480']"
829620078,stephi_viviana,['#nationaldogday'],"['25073877', '783214', '349300271', '1886891911', '45668062', '48294321', '398323499', '16305370', '89084561', '23375688', '243442402', '1110475561', '35936474', '19154824', '200913899']"
1721614015,estradalec,['#narcos'],"['2893511188', '3231956258', '3399224657', '2647904004', '26787673', '299800115', '2870078111', '10671602', '803874290', '19013887', '926114798', '24742040', '709969940', '1107613844', '95023423', '1372975219', '552011578', '166747718', '1582341876', '268414482']"
2402477665,larriesbutthole,['#justinssextapeleakedparty'],"['15945351', '3357946695', '548765353', '79293791', '3579012568', '19263978', '19923144', '1559306388', '45609049', '212256947', '154048214', '112457675', '105296447', '281679534', '40915216', '344316738', '21447363', '40076725', '483695616', '16331010', '380399508', '439125710', '2156278138', '2156299840', '23578046', '215952307', '2261808925', '112289040', '21111883', '492399548', '166739404', '64090343', '17174309', '2535331199', '464139666', '221799766', '174416608', '397906046', '272561314', '167714664', '321970500', '171682730', '264107729', '15383636', '403255314', '403246803', '254830969', '61312712', '209708391', '105119490', '84279963', '158314798', '181561712', '17919972', '1463880866', '176566242', '42562446', '196795202', '236699098', '157140968', '23375688', '34507480', '96846955', '1703499732', '403245020', '405728790', '27260086', '16548023', '958156806', '312230865', '332788870', '100220864']"
1867019000,untouchablexo,['#lotto3rdwin'],"['4000964114', '552721464', '432587869', '3030158859', '78244130', '570842497', '1321765501', '335141638', '632110916', '1595272824', '21366823', '884378714', '564412232']"
3670022000,Miss_Tribal,['#narcos'],"['27090142', '67377408', '2686254859']"
1229860021,aizzart_,['#getwellsoonjackson'],"['7517222', '343627165', '296623811', '1520006918', '586671909', '265902729', '2239230618', '312230865', '558797310', '58528137', '376072494', '297169759', '783214']"
29865474,kerrycalderon,['cape canaveral'],"['20793816', '96846955', '25365536', '376072494', '6017542', '813286', '428333', '2142731', '14749606']"
2206742897,Kyleigh_28,['#nationaldogday'],"['14631115', '40059553', '180949358', '1960608584', '705215780', '15166316', '16794568', '46764346', '127245578', '2893511188', '16213013', '2906071884', '53338746', '23375688', '30973', '366606110', '14456460', '73171449', '14222536', '17919972', '210238655', '588730194', '21211181', '58528137', '22387824', '160272734']"
44106837,Pyro46,['galaxy note 7'],"['13298072', '44196397', '34743251', '220145170', '18839785', '13334762', '19895282', '1344951', '816653', '20536157']"
3146197834,monkeyer2001,['#larryisoverparty'],"['308297673', '139539038', '310687757', '2743113943', '18588279', '210238655', '708657533', '4222679953', '623584562', '611959284', '76970421', '46764346', '16794568', '14456460', '45494617', '3299358052', '289869074', '73171449', '272131714', '180949358', '81825702', '53338746', '14222536', '14631115', '40059553', '19748674', '20188930', '19604744', '204089551', '153918448', '114026804', '72064417', '27466653', '216430965', '37972440']"
62443954,ssudhirkumar,['galaxy note 7'],"['1337785291', '2765974980', '19895282', '15473958', '135421739', '18839785']"
2331525829,jvong1120,['#narcos'],"['18980519', '215952307', '1951639321', '2984674484', '23741531', '255388236', '171682730', '20355988', '55117855', '321970500', '43815496', '298320111', '1061281784', '763440894', '3154252605', '544517731', '42562446', '30602016', '204137620', '183133891', '44381332', '81480697', '112481670', '894552380', '16305370', '3063032281', '1339835893', '2180163722', '29375776', '27260086', '2678072634', '2893511188', '18825961', '19777398', '145499533', '135249573', '114035804', '363972381', '91390383', '2717254872', '736417956', '235542752', '16573941', '254830969', '545443555', '39364684', '2432739211', '56783491', '251496825', '172055186', '471553751', '2282671736', '342328462', '328049243', '228184292', '35031708', '371582146', '22387824', '1209309782', '555548903', '159311024', '1244325504', '2280905126', '1297913125', '5695632', '759251', '428333', '1869775525', '16331010', '237047303', '30973', '96448406', '50037051', '109303622', '457554412', '872374136', '124335068', '19538986', '2715115656', '338084918', '39133880', '19013887', '205302299', '443215941', '43003845', '169686021', '52551600', '21206424', '14216203', '46279037', '57097104', '274119641', '16542877', '241382835', '24886570', '18863815', '20609518', '213478296', '580097412', '47285504', '90021519', '153694176', '176243247', '170424259', '16312576', '40076725', '19923144', '26257166', '22178780', '558810910', '1345702333', '1290082680', '345522684', '344779704', '28208983', '36072985', '155659213', '772662181', '43289545', '160272734', '48410093', '86422542', '46233559', '494266498', '129400817', '305275926', '461521888', '287858728', '1023096199', '46116615', '36746176', '47786101', '120943272', '35727881', '19520983', '17174309', '34914032', '59399268', '22412376', '142157505', '37741293', '22838300', '24859104', '105715305', '391037985', '100322679', '178812809', '101798589', '25460615', '16409285', '27678749', '1345393938', '133093395', '87318558', '265826890', '180463340', '160941691', '305915010', '218167872', '65184105', '56481539', '30104231', '189283341', '329746058', '46576295', '58466292', '27711339', '217160945', '50323173', '1588486417', '154280902', '89503894', '138600717', '285282053', '85603854', '17696167', '430744802', '349300271', '813286', '1924364738', '20346956', '197034645', '200913899', '19877186', '50374439', '58528137', '492399548', '2557521', '413487212', '23151437', '166739404', '16409683', '121341102', '72644483', '33597201', '383044849', '58834557', '18470958', '58233603', '264498030', '73443014', '69491538', '112964469', '77645932', '149590738', '250831586', '127431090', '32981735', '23737582', '32985158', '49110693', '15166316', '48672487', '50515656', '59949396', '28076276', '75206471', '44409004', '75916180', '299112358', '119509520', '31239408', '14230524', '26090319', '73365668', '155705264', '21362105', '28987332', '134234000', '45266183', '18750157', '21174888', '19661294', '18228898', '169927844', '156735736', '18645813', '73992972', '104288093', '21111883', '45777849', '27476141', '1059194370', '130151627', '23976386', '24693705', '21133007', '18091904', '184910040', '23375688', '35094637', '100220864', '79293791', '133880286', '6427882', '80096621', '24807616', '53297035', '436292177', '18625669', '199999865', '56773228', '262454289', '130991061', '21219827', '29756339', '26565946', '355307031', '85452649', '20565284', '27195114', '17919972', '21447363', '157140968', '236699098', '35936474', '28638191', '28706024', '32959253', '25365536', '18159470', '23617610', '22940219', '19397785', '15485441', '34507480', '15846407']"
4858405355,Nepherdoodle,['#nationaldogday'],"['418362046', '754930749720055808', '10228272', '185756522', '517077573', '14810162', '345522684', '27466653', '954427716', '11928542', '18988524', '18927441', '2231422037', '17092592', '29758446', '24742040', '15880163', '10671602', '36803580', '15234657', '14922225', '309366491', '25388164', '3300594994', '82030021', '296124687', '579671435', '204089551', '764547038', '569858355', '266687361', '567167802', '399909209', '474919140', '380020286', '311775629']"
2160886219,GirlinEXOHearts,"['#backtohogwarts', '#getwellsoonjackson']","['3261228108', '3162161238', '380787323', '2472738966', '1878450026', '2346605232', '3228191803', '3236265374', '4554391946', '2261722358', '485564447', '2271865489', '3393171432', '696225653973102594', '734306885705162752', '734070940733034496', '734261000493375488', '734210827130048512', '4345817544', '80241256', '732194771557453825', '1165049130', '2250317036', '4813182180', '2776433144', '78244130', '3282185924', '3314485566', '3030158859', '956888370', '2402418018', '1582411400', '2183987364', '2731019059', '3223965426', '403869889', '168683422', '1429480158', '476675010', '2391232105', '573299587', '128479879', '637313893', '335141638', '568871711', '1409798257', '1402988305', '1173787748', '21366823']"
327060974,JackiiiBee,['#nationaldogday'],"['22650211', '3108351', '20962674', '807095', '55117855', '2735591', '17919972', '972651', '1536791610', '1416289596', '217160945', '890891', '23083404', '50323173', '2557521', '95023423', '19263978', '75916180', '7563792', '558797310', '343627165', '155705264', '18625669', '108568373', '155659213', '28987332', '23976386', '386189099', '355741893', '352145373']"
27086222,LasLad,['#nationaldogday'],"['166767883', '212256947', '14123683', '22256645', '20609518']"
166677653,AlBatrick,['#backtohogwarts'],"['555548903', '70740986', '82455213', '14230524', '489315957', '1316271104', '15846407', '62513246']"
1187590927,_Mariee96,['halsey'],"['45709328', '1536791610', '2466044939', '443215941', '745695548246720513', '19520983', '1951639321', '235542752', '156735736', '18980519', '798234950', '89084561', '36947388', '27195114', '1925157330', '3303293865', '2748001296', '3146413624', '88287364', '1187647735', '2870078111', '2847258711', '405728790', '191717056', '176243247', '457554412', '1906234147', '54665669', '50515656', '492399548', '1289658361', '46957344', '24807616', '75206471', '209867913', '310072711', '34507480', '91408245', '44312605', '176566242', '17936793', '1869775525', '28384755', '196795202', '1468330632', '84279963', '181561712', '158314798', '105119490', '1416289596', '43403778', '63586621', '169740780', '262454289', '166747718', '612009655', '586671909', '23375688', '500704345', '21111883', '487843424']"
2889779582,guminya924x,['#isac2016'],"['380787323', '3941580014', '3064724045', '2346605232', '1173787748', '4813182180', '757221319020654592', '3267131857', '1878450026', '4643606383', '2776433144', '3282185924', '759355429830987777', '3308576432', '3254751519', '219807531', '4212669193', '1582411400', '2402418018', '2250317036', '403869889', '552721464', '2271865489', '3162161238', '3223965426', '3261228108', '3393171432', '2183987364', '3314485566', '3479742436', '3228191803', '1591131403', '1610204803', '734070940733034496', '4520784555', '734210827130048512', '732194771557453825', '4345817544', '168683422', '734306885705162752', '1165049130', '734261000493375488', '696225653973102594', '80241256', '128479879', '485564447', '78244130', '983330558', '1321765501', '568871711', '476675010', '3071817356', '152902472', '2391232105', '391115625', '1429480158', '884378714', '21366823', '408177579', '1595272824', '1409798257', '3030158859', '335141638', '212266188', '956888370', '573299587', '828742454', '131264923', '632110916', '637313893']"
2950294090,Ela_cccp,['#happybirthdayliampayne'],"['403246803', '264107729', '403255314', '403245020', '439125710', '853324519', '2261808925', '171682730', '158314798', '105119490', '181561712', '84279963', '209708391', '3306915443', '6427882', '255388236', '955721514', '1564177926', '233183631', '73171449', '180949358', '176566242', '24444579', '1629171145', '308297673', '2629502950', '308759071', '139539038', '30495613', '196795202', '355795737', '2156278138', '2156299840', '64929124', '125806240', '344316738', '410186746', '330705266', '310072711', '1906234147', '163730859', '379408088', '278328390', '405728790', '27260086']"
